<?xml version="1.0" encoding="UTF-8"?>
<project-private xmlns="http://www.netbeans.org/ns/project-private/1">
    <editor-bookmarks xmlns="http://www.netbeans.org/ns/editor-bookmarks/2" lastBookmarkId="0"/>
    <open-files xmlns="http://www.netbeans.org/ns/projectui-open-files/2">
        <group>
            <file>file:/C:/Users/uma36/OneDrive/Documents/NetBeansProjects/dbms/src/medicine_delete.java</file>
            <file>file:/C:/Users/uma36/OneDrive/Documents/NetBeansProjects/dbms/src/Student_insert.java</file>
            <file>file:/C:/Users/uma36/OneDrive/Documents/NetBeansProjects/dbms/src/bill.java</file>
            <file>file:/C:/Users/uma36/OneDrive/Documents/NetBeansProjects/dbms/src/view.java</file>
            <file>file:/C:/Users/uma36/OneDrive/Documents/NetBeansProjects/dbms/src/Illness_Update.java</file>
            <file>file:/C:/Users/uma36/OneDrive/Documents/NetBeansProjects/dbms/src/medicine_insert.java</file>
            <file>file:/C:/Users/uma36/OneDrive/Documents/NetBeansProjects/dbms/src/bill_delete.java</file>
            <file>file:/C:/Users/uma36/OneDrive/Documents/NetBeansProjects/dbms/src/mainpage.java</file>
            <file>file:/C:/Users/uma36/OneDrive/Documents/NetBeansProjects/dbms/src/illness_delete.java</file>
            <file>file:/C:/Users/uma36/OneDrive/Documents/NetBeansProjects/dbms/src/illness_insert.java</file>
            <file>file:/C:/Users/uma36/OneDrive/Documents/NetBeansProjects/dbms/src/Student_delete.java</file>
        </group>
    </open-files>
</project-private>
